{
    "components": [
        {
            "cachedName": "LWJGL 3",
            "cachedVersion": "3.2.2",
            "cachedVolatile": true,
            "dependencyOnly": true,
            "uid": "org.lwjgl3",
            "version": "3.2.2"
        },
        {
            "cachedName": "Minecraft",
            "cachedRequires": [
                {
                    "suggests": "3.2.2",
                    "uid": "org.lwjgl3"
                }
            ],
            "cachedVersion": "1.18.2",
            "important": true,
            "uid": "net.minecraft",
            "version": "1.18.2"
        },
        {
            "cachedName": "Forge",
            "cachedRequires": [
                {
                    "equals": "1.18.2",
                    "uid": "net.minecraft"
                }
            ],
            "cachedVersion": "40.1.68",
            "uid": "net.minecraftforge",
            "version": "40.1.68"
        }
    ],
    "formatVersion": 1
}
